ID,Category
99244405,TEACHER
17562754,DIGITAL-MEDIA
30311725,CONSTRUCTION
19007667,CHEF
11065180,INFORMATION-TECHNOLOGY
39237915,BUSINESS-DEVELOPMENT
17199951,DESIGNER
18236085,HEALTHCARE
79663360,TEACHER
62312955,DESIGNER
12333703,CONSTRUCTION
45907524,HEALTHCARE
20552814,SALES
73030450,ENGINEERING
14508237,ENGINEERING
37360517,HEALTHCARE
25080805,TEACHER
36694627,ADVOCATE
18106533,FINANCE
28419173,INFORMATION-TECHNOLOGY
68240723,DESIGNER
52979663,HR
18460045,DESIGNER
64589506,BANKING
23864858,DIGITAL-MEDIA
14990354,BUSINESS-DEVELOPMENT
36621169,APPAREL
78538268,ADVOCATE
22351830,CONSULTANT
10228751,HEALTHCARE
24592627,AGRICULTURE
18949843,ADVOCATE
25127518,ACCOUNTANT
17115815,BUSINESS-DEVELOPMENT
29525715,TEACHER
23464505,INFORMATION-TECHNOLOGY
12613221,HEALTHCARE
12717345,CHEF
68216398,AVIATION
10816645,FITNESS
28337049,INFORMATION-TECHNOLOGY
17641670,INFORMATION-TECHNOLOGY
25930778,ENGINEERING
27058381,INFORMATION-TECHNOLOGY
39970711,HR
21853199,ACCOUNTANT
25926667,ARTS
12890045,CONSTRUCTION
23807940,CHEF
18264694,PUBLIC-RELATIONS
10567764,AVIATION
20574232,CONSULTANT
21101152,CHEF
22259475,ADVOCATE
17509935,SALES
11551946,ENGINEERING
31638814,BUSINESS-DEVELOPMENT
17659053,APPAREL
28756444,CONSTRUCTION
11333660,PUBLIC-RELATIONS
26459032,FITNESS
14663897,CHEF
31243710,INFORMATION-TECHNOLOGY
66832845,INFORMATION-TECHNOLOGY
13583538,TEACHER
26098594,APPAREL
48533663,CONSULTANT
37201447,TEACHER
10659182,TEACHER
39908485,CONSTRUCTION
71422121,BANKING
17378327,SALES
11850315,PUBLIC-RELATIONS
11187796,ARTS
12904972,AVIATION
32651555,FITNESS
46260230,INFORMATION-TECHNOLOGY
98513424,FINANCE
96761538,SALES
24643412,CONSULTANT
16605640,ADVOCATE
15083600,CONSULTANT
91591026,CHEF
22232367,AVIATION
20024870,INFORMATION-TECHNOLOGY
32605413,CHEF
25873425,ADVOCATE
27126818,TEACHER
28290448,PUBLIC-RELATIONS
22019500,CONSTRUCTION
16911115,ENGINEERING
25846894,ACCOUNTANT
17823436,BANKING
18155310,HR
31211074,APPAREL
27182111,HEALTHCARE
23631188,ACCOUNTANT
28642819,TEACHER
12802330,ACCOUNTANT
11441764,FINANCE
31025785,FINANCE
25142074,ARTS
29897742,TEACHER
50219114,DIGITAL-MEDIA
19090468,INFORMATION-TECHNOLOGY
34141299,SALES
90685127,DIGITAL-MEDIA
11887930,ARTS
34594746,SALES
11188218,ADVOCATE
37335325,ENGINEERING
10504237,TEACHER
23427369,ADVOCATE
18484846,HEALTHCARE
18805506,FINANCE
17131084,BANKING
14556869,DIGITAL-MEDIA
35971546,CONSTRUCTION
29002596,DIGITAL-MEDIA
34544955,CONSTRUCTION
39166680,DIGITAL-MEDIA
10562768,BANKING
11174187,ADVOCATE
22890839,INFORMATION-TECHNOLOGY
26691587,SALES
10734870,CONSTRUCTION
28969385,ACCOUNTANT
13557622,DESIGNER
22732234,PUBLIC-RELATIONS
16694152,BUSINESS-DEVELOPMENT
28951817,HEALTHCARE
33750209,HEALTHCARE
22615491,BANKING
21363048,CONSTRUCTION
74191424,ADVOCATE
37087824,FITNESS
23591247,CHEF
10515955,DIGITAL-MEDIA
29648950,FINANCE
26919036,BUSINESS-DEVELOPMENT
15575117,HEALTHCARE
38291889,ADVOCATE
10281555,CONSTRUCTION
12059198,BUSINESS-DEVELOPMENT
17688766,INFORMATION-TECHNOLOGY
31220062,PUBLIC-RELATIONS
34712719,DESIGNER
12777487,TEACHER
26829561,CONSULTANT
51777546,HR
35564026,BANKING
51724595,INFORMATION-TECHNOLOGY
24550866,HEALTHCARE
20633855,BUSINESS-DEVELOPMENT
84295343,AGRICULTURE
36252245,AVIATION
41344156,INFORMATION-TECHNOLOGY
45462344,PUBLIC-RELATIONS
12239749,AVIATION
17658471,FITNESS
91539554,DIGITAL-MEDIA
30938994,BUSINESS-DEVELOPMENT
10041713,CONSTRUCTION
38897568,BANKING
69181350,BANKING
23032182,SALES
15727656,ADVOCATE
39581020,SALES
30999638,DIGITAL-MEDIA
11432686,BUSINESS-DEVELOPMENT
78403342,ACCOUNTANT
57364820,CONSULTANT
12085736,DIGITAL-MEDIA
19938081,SALES
55097118,APPAREL
27000192,PUBLIC-RELATIONS
37473139,AVIATION
31199035,SALES
53701275,HR
81125166,ENGINEERING
35474904,ADVOCATE
17704246,CONSTRUCTION
58208591,SALES
25905275,INFORMATION-TECHNOLOGY
18979238,DESIGNER
51432451,CONSULTANT
42384185,DESIGNER
60489316,BANKING
18198627,DESIGNER
23438227,ENGINEERING
14146106,ADVOCATE
23577836,ADVOCATE
18795567,DESIGNER
51554903,CHEF
14496667,FINANCE
70603826,FITNESS
15581242,SALES
18187364,INFORMATION-TECHNOLOGY
14771530,DIGITAL-MEDIA
17342969,CONSTRUCTION
77266989,FITNESS
20357858,BUSINESS-DEVELOPMENT
18753367,AVIATION
16849128,ENGINEERING
32799518,CONSTRUCTION
14449423,ACCOUNTANT
26801767,INFORMATION-TECHNOLOGY
27485716,INFORMATION-TECHNOLOGY
18669563,ACCOUNTANT
10176815,AVIATION
19402977,DESIGNER
48547319,TEACHER
98300955,INFORMATION-TECHNOLOGY
78257294,ACCOUNTANT
59777056,FINANCE
22465498,ACCOUNTANT
12442909,ACCOUNTANT
38154903,AVIATION
14849103,CONSTRUCTION
31242382,ADVOCATE
18825446,CHEF
29332616,SALES
67501448,BUSINESS-DEVELOPMENT
97169343,HR
20691949,CHEF
18133495,INFORMATION-TECHNOLOGY
12122372,APPAREL
10694288,HR
25187733,CONSTRUCTION
19243556,FINANCE
18525641,DIGITAL-MEDIA
22675694,DESIGNER
10089434,INFORMATION-TECHNOLOGY
14049846,ENGINEERING
66741193,FINANCE
23438112,ACCOUNTANT
22650051,AVIATION
87867370,BANKING
29486525,TEACHER
37750854,BUSINESS-DEVELOPMENT
18472240,CONSTRUCTION
20986595,DESIGNER
27375577,FINANCE
29050809,ACCOUNTANT
16223371,SALES
16332293,SALES
21780877,INFORMATION-TECHNOLOGY
21511817,CHEF
11813872,ENGINEERING
